producto_normalizado,marketplace,url_producto,titulo_detectado,imagen_url,imagen_local,estado_extraccion
Esponja facial de celulosa 12 piezas,Amazon,https://www.amazon.com.mx/Esponja-Facial-Celulosa-Blanco-Piezas/dp/B08BBN4M6Z,Frotash Esponja Facial de Celulosa Color Blanco 12 Piezas : Amazon.com.mx: Belleza,https://m.media-amazon.com/images/I/51lUO4t-G0L._AC_SL1334_.jpg,C:\Users\Admin\Desktop\ia\odoo\outputs\marketplace_catalogo\imagenes\esponja-facial-de-celulosa-12-piezas.jpg,ok
Agua peptonada amortiguada 450 g McdLab,Mercado Libre,https://www.mercadolibre.com.mx/agua-peptonada-amortiguada-450g-mcdlab/up/MLMU3964772769,"Agua Peptonada Amortiguada 450g Mcdlab - $ 1,042.74",https://http2.mlstatic.com/D_NQ_NP_604807-MLM111754249483_052026-O.jpg,C:\Users\Admin\Desktop\ia\odoo\outputs\marketplace_catalogo\imagenes\agua-peptonada-amortiguada-450-g-mcdlab.jpg,ok
Tablet uso rudo HOTWAV,Amazon,https://www.amazon.com.mx/HOTWAV-10800mAh-Pantalla-Resistente-Octa-Core/dp/B0DKB9WF1Z,"HOTWAV R8 Rugged Tableta, 10800mAh Batería, 10.1&quot;HD+ Pantalla, 12GB + 128GB/TF 1TB Tablet Resistente, Android 14 Tablet, 13 MP + 5 MP, Octa-Core/Dual SIM 4G/5G WiFi/IP68&amp;IP69K/Face ID/GPS/OTG Naranja : Amazon.com.mx: Electrónicos",https://m.media-amazon.com/images/I/71fbf2t3OjL._AC_SL1500_.jpg,C:\Users\Admin\Desktop\ia\odoo\outputs\marketplace_catalogo\imagenes\tablet-uso-rudo-hotwav.jpg,ok
Autoclave esterilizador 24 L,Mercado Libre,https://www.mercadolibre.com.mx/autoclave-esterilizador-24-lts-vapor-alta-presion/up/MLMU475866104,"Autoclave Esterilizador 24 Lts Vapor Alta Presión - $ 10,136.5",https://http2.mlstatic.com/D_NQ_NP_768894-MLM109888939337_032026-O.jpg,C:\Users\Admin\Desktop\ia\odoo\outputs\marketplace_catalogo\imagenes\autoclave-esterilizador-24-l.jpg,ok
Rack de puntas amarillas estériles,Amazon,https://www.amazon.com.mx/Extragene-universales-est%C3%A9riles-pir%C3%B3geno-estantes/dp/B085R8KV4Q,"Extragene Puntas de pipeta universales de 200 ul, esterilizadas, seguras para DNase/RNase y pirógenos, 96 puntas/anaqueles, paquete de 10 anaqueles (Amarillo) : Amazon.com.mx: Industria, Empresas y Ciencia",https://m.media-amazon.com/images/I/81f2D+RWbSL._SL1500_.jpg,C:\Users\Admin\Desktop\ia\odoo\outputs\marketplace_catalogo\imagenes\rack-de-puntas-amarillas-est-riles.jpg,ok
Placas Petri plásticas 60 x 15 mm,Mercado Libre,https://www.mercadolibre.com.mx/paquete-de-30-placas-de-petri-de-plastico-de-60-x-15-mm-con/p/MLM2037451798,Paquete De 30 Placas De Petri De Plástico De 60 X 15 Mm Con Transparent - $ 127.56,https://http2.mlstatic.com/D_NQ_NP_613547-CBT115109229507_072026-O.jpg,C:\Users\Admin\Desktop\ia\odoo\outputs\marketplace_catalogo\imagenes\placas-petri-pl-sticas-60-x-15-mm.jpg,ok
Mechero o lámpara de alcohol de vidrio,Mercado Libre,https://www.mercadolibre.com.mx/mechero-lampara-de-alcohol-de-vidrio/up/MLMU467349896,Mechero Lámpara De Alcohol De Vidrio - $ 147.44,https://http2.mlstatic.com/D_NQ_NP_618017-MLM93939002834_102025-O.jpg,C:\Users\Admin\Desktop\ia\odoo\outputs\marketplace_catalogo\imagenes\mechero-o-l-mpara-de-alcohol-de-vidrio.jpg,ok
Varilla agitadora magnética,Mercado Libre,https://www.mercadolibre.com.mx/varilla-agitadora-magnetica-agitador-reciclador-quimica/p/MLM2049711735,"Varilla Agitadora Magnética, Agitador, Reciclador, Química D - $ 51.66",https://http2.mlstatic.com/D_NQ_NP_616056-CBT100119914944_122025-O.jpg,C:\Users\Admin\Desktop\ia\odoo\outputs\marketplace_catalogo\imagenes\varilla-agitadora-magn-tica.jpg,ok
Tarjeta microSD SanDisk para cámaras,Amazon,https://www.amazon.com.mx/SanDisk-ultraAndroid-microSDXC-Adaptador-Smartphones/dp/B0B7NTY2S6,"SanDisk Tarjeta de Memoria Ultra microSDXC UHS-I de 128 GB con Adaptador - hasta 140 MB/s, C10, U1, Full HD, A1, Tarjeta MicroSD - SDSQUAB-128G-GN6MA : Amazon.com.mx: Electrónicos",https://m.media-amazon.com/images/I/71HMMAm+TlL._AC_SL1500_.jpg,C:\Users\Admin\Desktop\ia\odoo\outputs\marketplace_catalogo\imagenes\tarjeta-microsd-sandisk-para-c-maras.jpg,ok
Báscula de precisión Rhino,Amazon,https://www.amazon.com.mx/Precisi%C3%B3n-RHINO-Inoxidable-Est%C3%A1ndar-Incluidas/dp/B09QH9RLMB,"RHINO, Báscula de Precisión, 1kg / 0.1g Precisión, Acero Inoxidable, Función de Conteo de piezas, Pesaje Estándar y TARA, Pesa en gramos, libras y onzas, Diseño Compacto, Baterías Incluidas, BAPRE-1 : Amazon.com.mx: Salud y Cuidado Personal",https://m.media-amazon.com/images/I/61yiD5NApSL._SL1500_.jpg,C:\Users\Admin\Desktop\ia\odoo\outputs\marketplace_catalogo\imagenes\b-scula-de-precisi-n-rhino.jpg,ok
Matraz Erlenmeyer 2000 ml,Amazon,https://www.amazon.com.mx/dp/B006UKI8XK,2000ml Narrow Mouth Erlenmeyer Flask 3.3 Borosilicate Glass Karter Scientific 213G15 (Single) : Amazon.com.mx,https://m.media-amazon.com/images/I/61i00gXr1uL._SL1000_.jpg,C:\Users\Admin\Desktop\ia\odoo\outputs\marketplace_catalogo\imagenes\matraz-erlenmeyer-2000-ml.jpg,ok
Base caldo Half Fraser granulado 500 g,Mercado Libre,https://www.mercadolibre.com.mx/base-caldo-half-fraser-granulado-frasco-500g/up/MLMU3278570941,"Base Caldo Half Fraser Granulado Frasco 500g - $ 2,130",https://http2.mlstatic.com/D_NQ_NP_686617-MLM87509206709_072025-O.jpg,C:\Users\Admin\Desktop\ia\odoo\outputs\marketplace_catalogo\imagenes\base-caldo-half-fraser-granulado-500-g.jpg,ok
Agar sangre base 100 g,Mercado Libre,https://www.mercadolibre.com.mx/agar-base-sangre-100g/up/MLMU559274843,Agar Base Sangre 100g - $ 749,https://http2.mlstatic.com/D_NQ_NP_799148-MLM52401611837_112022-O.jpg,C:\Users\Admin\Desktop\ia\odoo\outputs\marketplace_catalogo\imagenes\agar-sangre-base-100-g.jpg,ok
Agar bacteriológico 450 g,Mercado Libre,https://www.mercadolibre.com.mx/agar-bacteriologico-microbiologia-450g/up/MLMU568953446,"Agar Bacteriológico Microbiología (450g) - $ 1,428",https://http2.mlstatic.com/D_NQ_NP_973526-MLM71715186622_092023-O.jpg,C:\Users\Admin\Desktop\ia\odoo\outputs\marketplace_catalogo\imagenes\agar-bacteriol-gico-450-g.jpg,ok
Triptona 500 g,Mercado Libre,https://www.mercadolibre.com.mx/triptona-para-bactereologia-frasco-500-gr-cdh/up/MLMU566616893,"Triptona Para Bactereologia, Frasco 500 Gr. Cdh",https://http2.mlstatic.com/D_NQ_NP_853595-MLM82921311672_032025-O.jpg,C:\Users\Admin\Desktop\ia\odoo\outputs\marketplace_catalogo\imagenes\triptona-500-g.jpg,ok
Tubo PCR 0.2 ml tapa plana,Amazon,https://www.amazon.com.mx/dp/B09M6Y4QNL,"MUHWA 1000 piezas Tubos de PCR con tapa plana, tubo de microcentrífuga de 0,2 ml, tubo de reacción de PCR de 0,2 ml : Amazon.com.mx: Industria, Empresas y Ciencia",https://m.media-amazon.com/images/I/71Ly-8h6qDL._SL1500_.jpg,C:\Users\Admin\Desktop\ia\odoo\outputs\marketplace_catalogo\imagenes\tubo-pcr-0-2-ml-tapa-plana.jpg,ok
Cubrezapatos desechables,Amazon,https://www.amazon.com.mx/ANNTHOR-Cubiertas-Desechables-Cubrezapatos-Antideslizantes/dp/B0CL9BTGHT,"ANNTHOR Cubiertas Desechables para Botas y Zapatos, 100(50 Pares) Cubrezapatos Desechables, Cubiertas de Zapatos Antideslizantes, Fundas Higiénicas Desechables para Botas y Zapatos : Amazon.com.mx: Ropa, Zapatos y Accesorios",https://m.media-amazon.com/images/I/71pxuv7q-0L._AC_SL1500_.jpg,C:\Users\Admin\Desktop\ia\odoo\outputs\marketplace_catalogo\imagenes\cubrezapatos-desechables.jpg,ok
Puntas de pipeta 5 ml,Amazon,https://www.amazon.com.mx/puntas-pl%C3%A1stico-laboratorio-polipropileno-transparente/dp/B08XQNL8WD,"100 puntas de pipeta de plástico de laboratorio de 5 ml, puntas de pipeta de plástico de 5 ml, polipropileno, transparente (5 ml) : Amazon.com.mx: Industria, Empresas y Ciencia",https://m.media-amazon.com/images/I/71JBlRrS1JL._SL1500_.jpg,C:\Users\Admin\Desktop\ia\odoo\outputs\marketplace_catalogo\imagenes\puntas-de-pipeta-5-ml.jpg,ok
Tubo de centrífuga 10 ml,Amazon,https://www.amazon.com.mx/Luxshiny-Centr%C3%ADfuga-Laboratorio-Transparencia-Unidades/dp/B0F5N4CH9P,"Luxshiny Tubos De Centrífuga De Plástico 10 Ml Con Tapa Y Escala Graduada Transparente Para Laboratorio Científico Y Pruebas Precisas Pack De 200 Piezas : Amazon.com.mx: Industria, Empresas y Ciencia",https://m.media-amazon.com/images/I/5127QBtpIlL._SL1242_.jpg,C:\Users\Admin\Desktop\ia\odoo\outputs\marketplace_catalogo\imagenes\tubo-de-centr-fuga-10-ml.jpg,ok
Tijeras para zurdos 21 cm,Amazon,https://www.amazon.com.mx/Tijeras-ZURDOS-C%C3%B3modo-GENERAL-TIJ-ZUR821/dp/B0C4659ZD8,Tijeras Para ZURDOS con Mango Suave y Cómodo 21cm | Tijeras de corte para papel y cintas USO GENERAL TIJ-ZUR821 : Amazon.com.mx: Hogar y Cocina,https://m.media-amazon.com/images/I/61yjG2TBAqL._AC_SL1030_.jpg,C:\Users\Admin\Desktop\ia\odoo\outputs\marketplace_catalogo\imagenes\tijeras-para-zurdos-21-cm.jpg,ok
Mouse inalámbrico silencioso 3 piezas,Mercado Libre,https://articulo.mercadolibre.com.mx/MLM-3563281242-3pzs-mouse-inalambrico-silencioso-de-oficina-recargable-_JM,3pzs Mouse Inalámbrico Silencioso De Oficina Recargable - $ 199,https://http2.mlstatic.com/D_NQ_NP_911363-MLM82418776266_022025-O-3pzs-mouse-inalambrico-silencioso-de-oficina-recargable.jpg,C:\Users\Admin\Desktop\ia\odoo\outputs\marketplace_catalogo\imagenes\mouse-inal-mbrico-silencioso-3-piezas.jpg,ok
Conector rápido Truper 19083,Mercado Libre,https://articulo.mercadolibre.com.mx/MLM-3146800146-conector-rapido-de-laton-tipo-m-14-npt-macho-truper-19083-_JM,Conector Rápido De Latón Tipo M 1/4´´ Npt Macho Truper 19083 - $ 142,https://http2.mlstatic.com/D_NQ_NP_893942-MLM76860119288_062024-O-conector-rapido-de-laton-tipo-m-14-npt-macho-truper-19083.jpg,C:\Users\Admin\Desktop\ia\odoo\outputs\marketplace_catalogo\imagenes\conector-r-pido-truper-19083.jpg,ok
Cople Truper 19085,Mercado Libre,https://articulo.mercadolibre.com.mx/MLM-2054520833-cople-de-laton-cuerda-14-npt-macho-truper-19085-_JM,Cople De Latón Cuerda 1/4 Npt Macho Truper 19085 - $ 117,https://http2.mlstatic.com/D_NQ_NP_737808-MLM75768098624_042024-O-cople-de-laton-cuerda-14-npt-macho-truper-19085.jpg,C:\Users\Admin\Desktop\ia\odoo\outputs\marketplace_catalogo\imagenes\cople-truper-19085.jpg,ok
Tubo para PCR 30 bolsas,Amazon,https://www.amazon.com.mx/dp/B0963DSST2,"ZHIBANG 1000 tubos de microcentrífuga de polipropileno con tapa a presión, 0,2 ml de tubo PCR : Amazon.com.mx: Industria, Empresas y Ciencia",https://m.media-amazon.com/images/I/91oA4I3aRES._SL1500_.jpg,C:\Users\Admin\Desktop\ia\odoo\outputs\marketplace_catalogo\imagenes\tubo-para-pcr-30-bolsas.jpg,ok
Escritorio Top Living Desk4,Mercado Libre,https://www.mercadolibre.com.mx/escritorio-oficina-top-living-desk4-para-computadora-estilo-industrial-120cm-x-122cm-x-60cm-color-madera-cafe-claro-y-negro/p/MLM15510229,Escritorio Oficina Desk-4 para computadora estilo industrial 120cm X 122cm X 60cm color madera Café Claro y Negro - $ 999,https://http2.mlstatic.com/D_NQ_NP_773628-MLA112401436503_052026-O.jpg,C:\Users\Admin\Desktop\ia\odoo\outputs\marketplace_catalogo\imagenes\escritorio-top-living-desk4.jpg,ok
Colorante amarillo 5 laca alumínica 500 g,Mercado Libre,https://www.mercadolibre.com.mx/amarillo-5-laca-aluminica-en-polvo-500g-tartrazina-fcf/up/MLMU701063090,"Amarillo 5 Laca Alumínica En Polvo 500g (tartrazina Fcf) - $ 1,499",https://http2.mlstatic.com/D_NQ_NP_729681-MLM27925417820_082018-O.jpg,C:\Users\Admin\Desktop\ia\odoo\outputs\marketplace_catalogo\imagenes\colorante-amarillo-5-laca-alum-nica-500-g.jpg,ok
Probeta plástico 10 ml graduada,Mercado Libre,https://articulo.mercadolibre.com.mx/MLM-841058360-probeta-plastico-10ml-graduada-base-hexagonal-appcrom-_JM,Probeta Plastico 10ml Graduada Base Hexagonal. Appcrom - $ 95,https://http2.mlstatic.com/D_NQ_NP_756474-MLM115019027773_072026-O-probeta-plastico-10ml-graduada-base-hexagonal-appcrom.jpg,C:\Users\Admin\Desktop\ia\odoo\outputs\marketplace_catalogo\imagenes\probeta-pl-stico-10-ml-graduada.jpg,ok
Jeringa de vidrio borosilicato,Amazon,https://www.amazon.com.mx/Borosilicato-Resistente-Laboratorios-Alimentaci%C3%B3n-Veterinaria/dp/B097DN1NTG,Jeringa de Vidrio de Borosilicato de 1 ml 2.25 ml Jeringa de Medición Precisa Resistente al Calor Antifugas para Aceites Alimentación Pegamento : Amazon.com.mx: Hogar y Cocina,https://m.media-amazon.com/images/I/71PFSMpzDkL._AC_SL1500_.jpg,C:\Users\Admin\Desktop\ia\odoo\outputs\marketplace_catalogo\imagenes\jeringa-de-vidrio-borosilicato.jpg,ok
Puntero láser verde recargable,Mercado Libre,https://www.mercadolibre.com.mx/puntero-laser-verde-proyector-carga-usb-recargable-5000mw/p/MLM38288542,"Puntero Láser Verde Proyector Carga Usb Recargable 5000mw,Linterna de luz verde, Portátil de alta potencia con carga USB para exteriores, Adecuado para Acampar, Cazar, Caminar, Astronomía y Emergencia",https://http2.mlstatic.com/D_NQ_NP_680317-MLA100047242979_122025-O.jpg,C:\Users\Admin\Desktop\ia\odoo\outputs\marketplace_catalogo\imagenes\puntero-l-ser-verde-recargable.jpg,ok
Azul de bromofenol 5 g,Mercado Libre,https://articulo.mercadolibre.com.mx/MLM-661819683-azul-de-bromofenol-5-g-fagalab-colorante-_JM,Azul De Bromofenol 5 G Fagalab Colorante - $ 460,https://http2.mlstatic.com/D_NQ_NP_824009-MLM90120379289_082025-O-azul-de-bromofenol-5-g-fagalab-colorante.jpg,C:\Users\Admin\Desktop\ia\odoo\outputs\marketplace_catalogo\imagenes\azul-de-bromofenol-5-g.jpg,ok
Microplaca ELISA 96 pozos,Amazon,https://www.amazon.com.mx/515201-96-as%C3%AD-Inseparable-encuadernaci%C3%B3n-50-unidades-transparentes/dp/B074X6SF1D,"rodar Scientific 515201 96 así placa de elisa, Inseparable, de alta encuadernación, 50 unidades), transparentes : Amazon.com.mx: Industria, Empresas y Ciencia",https://m.media-amazon.com/images/I/51sQqG9ubNL._SL1200_.jpg,C:\Users\Admin\Desktop\ia\odoo\outputs\marketplace_catalogo\imagenes\microplaca-elisa-96-pozos.jpg,ok
Gel refrigerante frigogel,Mercado Libre,https://www.mercadolibre.com.mx/frigogel-compresas-de-gel-congelante-envase-rigido1-pack10/p/MLM2091162364,"Frigogel |compresas De Gel Congelante, Envase Rígido1 Pack10 - $ 338",https://http2.mlstatic.com/D_NQ_NP_716218-MLM82039857699_012025-O.jpg,C:\Users\Admin\Desktop\ia\odoo\outputs\marketplace_catalogo\imagenes\gel-refrigerante-frigogel.jpg,ok
Agar Mueller Hinton 38 g para 1 L,Mercado Libre,https://www.mercadolibre.com.mx/agar-mueller-hinton-38-g-para-1-l/p/MLM2084718645,Agar Mueller Hinton Mcd 38 G Para 1 L De Medio De Cultivo - $ 249,https://http2.mlstatic.com/D_NQ_NP_619399-MLM113085763361_062026-O.jpg,C:\Users\Admin\Desktop\ia\odoo\outputs\marketplace_catalogo\imagenes\agar-mueller-hinton-38-g-para-1-l.jpg,ok
Bomba de condensado para minisplit,Mercado Libre,https://www.mercadolibre.com.mx/bomba-de-condensado-drenado-minisplit-220v-hasta-24000-btu/up/MLMU458431181,"Bomba De Condensado Drenado Minisplit 220v Hasta 24,000 Btu - $ 1,433.44",https://http2.mlstatic.com/D_NQ_NP_967769-MLM88435341134_072025-O.jpg,C:\Users\Admin\Desktop\ia\odoo\outputs\marketplace_catalogo\imagenes\bomba-de-condensado-para-minisplit.jpg,ok
Luces LED con sensor para clóset,Mercado Libre,https://articulo.mercadolibre.com.mx/MLM-3014435932-4-piezas-con-sensor-movimiento-luz-de-led-closet-usb-50cm-_JM,4 Piezas Con Sensor Movimiento Luz De Led Clóset Usb 50cm - $ 174.87,https://http2.mlstatic.com/D_NQ_NP_970603-CBT95742824836_102025-O-4-piezas-con-sensor-movimiento-luz-de-led-closet-usb-50cm.jpg,C:\Users\Admin\Desktop\ia\odoo\outputs\marketplace_catalogo\imagenes\luces-led-con-sensor-para-cl-set.jpg,ok
Agua peptonada amortiguada 100 g,Mercado Libre,https://www.mercadolibre.com.mx/agua-peptonada-amortiguada-100-g/up/MLMU2848475515,Agua Peptonada Amortiguada 100 G - $ 470,https://http2.mlstatic.com/D_NQ_NP_696659-MLM90561189527_082025-O.jpg,C:\Users\Admin\Desktop\ia\odoo\outputs\marketplace_catalogo\imagenes\agua-peptonada-amortiguada-100-g.jpg,ok
Bote de residuos peligrosos 21 L,Mercado Libre,https://www.mercadolibre.com.mx/bote-rojo-con-pedal-para-residuos-peligrosos-21-litros-rpbi/up/MLMU488785710,Bote Rojo Con Pedal Para Residuos Peligrosos 21 Litros Rpbi - $ 544.35,https://http2.mlstatic.com/D_NQ_NP_804241-MLM94973883309_102025-O.jpg,C:\Users\Admin\Desktop\ia\odoo\outputs\marketplace_catalogo\imagenes\bote-de-residuos-peligrosos-21-l.jpg,ok
Hielera de unicel No. 4,Mercado Libre,https://www.mercadolibre.com.mx/hielera-de-unicel-no-4--25-piezas-con-caja/up/MLMU503130274,"25 Hieleras Unicel Hu4 5.3 L Con 25 Cajas Para Envío Térmico - $ 3,300",https://http2.mlstatic.com/D_NQ_NP_627639-MLM114654820277_072026-O.jpg,C:\Users\Admin\Desktop\ia\odoo\outputs\marketplace_catalogo\imagenes\hielera-de-unicel-no-4.jpg,ok
Solución para electrodos pH 3M KCl,Mercado Libre,https://www.mercadolibre.com.mx/solucion-electrodos-ph-para-almacenar-3m-kcl/up/MLMU456074483,null,https://m.media-amazon.com/images/I/51x4RS3fcAL._AC_SL3840_.jpg,C:\Users\Admin\Desktop\ia\odoo\outputs\marketplace_catalogo\imagenes\solucion-para-electrodos-ph-3m-kcl.jpg,ok
Escuadra profesional 9 cm sin bisel,Mercado Libre,https://www.mercadolibre.com.mx/escuadra-profesional-9cm-sin-bisel/p/MLM43798329,Escuadra Profesional 9cm Sin Bisel - $ 69,https://http2.mlstatic.com/D_NQ_NP_938200-MLA100107888237_122025-O.jpg,C:\Users\Admin\Desktop\ia\odoo\outputs\marketplace_catalogo\imagenes\escuadra-profesional-9-cm-sin-bisel.jpg,ok
Azida de sodio 100 g,Mercado Libre,https://articulo.mercadolibre.com.mx/MLM-656536902-azida-de-sodio-r-a-de-100-g-fagalab-_JM,"Azida De Sodio R. A. De 100 G Fagalab - $ 6,800",https://http2.mlstatic.com/D_NQ_NP_779012-MLM48011361776_102021-O-azida-de-sodio-r-a-de-100-g-fagalab.jpg,C:\Users\Admin\Desktop\ia\odoo\outputs\marketplace_catalogo\imagenes\azida-de-sodio-100-g.jpg,ok
Lámina de álabes para bomba de vacío,Mercado Libre,https://www.mercadolibre.com.mx/lamina-de-alabes-para-bombas-de-vacio-de-100-x-37-x-5-mm-4/p/MLM2008903099,"Palheta 600 149,60 x 48 x 4,50 mm Gimenez",https://agropeperi.cdn.magazord.com.br/img/2023/07/produto/7185/palheta-gmz-600-149-60x48x4-50-mm-agropeperi-ordenha.png?ims=96x96,C:\Users\Admin\Desktop\ia\odoo\outputs\marketplace_catalogo\imagenes\lamina-de-alabes-para-bomba-de-vacio.png,ok
Bote de basura con tapa 26 L,Mercado Libre,https://articulo.mercadolibre.com.mx/MLM-908569486-bote-de-basura-papelero-con-tapa-mediano-26-lt-plastico-_JM,Bote De Basura Papelero Con Tapa Mediano 26 Lt Plastico - $ 209,https://http2.mlstatic.com/D_NQ_NP_817863-MLM71329273323_082023-O-bote-de-basura-papelero-con-tapa-mediano-26-lt-plastico.jpg,C:\Users\Admin\Desktop\ia\odoo\outputs\marketplace_catalogo\imagenes\bote-de-basura-con-tapa-26-l.jpg,ok
Lámpara de escritorio LED,Mercado Libre,https://www.mercadolibre.com.mx/lampara-de-escritorio-led-lampara-de-mesa-con-brazo-oscilante-de-360-blanco/p/MLM40223102,Lámpara Escritorio Led Ajustable Con Brazo Oscilante 360° 3 Modos Luz Brillo Usb Metal Aluminio Ichido - $ 175,https://http2.mlstatic.com/D_NQ_NP_993628-MLA111206648598_052026-O.jpg,C:\Users\Admin\Desktop\ia\odoo\outputs\marketplace_catalogo\imagenes\l-mpara-de-escritorio-led.jpg,ok
Repelente ultrasónico para plagas,Mercado Libre,https://articulo.mercadolibre.com.mx/MLM-619739256-repelente-de-plagas-ultrasonico-ahuyenta-insectos-y-roedores-_JM,Repelente Electrónico Ultrasónico Ahuyenta Plaga Mosco Rata - $ 67,https://http2.mlstatic.com/D_NQ_NP_849982-MLM90051230761_082025-O-repelente-electronico-ultrasonico-ahuyenta-plaga-mosco-rata.jpg,C:\Users\Admin\Desktop\ia\odoo\outputs\marketplace_catalogo\imagenes\repelente-ultras-nico-para-plagas.jpg,ok
Cajas organizadoras apilables 122 L,Mercado Libre,https://articulo.mercadolibre.com.mx/MLM-2780749718-3-cajas-organizadoras-almacenamiento-cap-122-l-apilables-_JM,Set x3 Caja organizadora 45 lts Wenbox - TRANSPARENTE,https://f.fcdn.app/imgs/a0dfff/www.garageimpo.com.uy/garauy/41d6/webp/catalogo/AW0145X3_TR_1/1024-1024/set-x3-caja-organizadora-45-lts-wenbox-transparente.jpg,C:\Users\Admin\Desktop\ia\odoo\outputs\marketplace_catalogo\imagenes\cajas-organizadoras-apilables-122-l.jpg,ok
Perchero de pared acero inoxidable,Mercado Libre,https://articulo.mercadolibre.com.mx/MLM-3436629148-juego-de-perchero-de-pared-de-acero-inoxidable-10-ganchos-_JM,"Juego De Perchero De Pared De Acero Inoxidable, 10 Ganchos - $ 596",https://http2.mlstatic.com/D_NQ_NP_964794-MLM80751986256_112024-O-juego-de-perchero-de-pared-de-acero-inoxidable-10-ganchos.jpg,C:\Users\Admin\Desktop\ia\odoo\outputs\marketplace_catalogo\imagenes\perchero-de-pared-acero-inoxidable.jpg,ok
Hidrolavadora Kärcher,Mercado Libre,https://www.mercadolibre.com.mx/hidrolavadora-electrica-krcher-1994-3780-1200w-color-amarillo-110v127v/p/MLM40583845,"Hidrolavadora Eléctrica Kärcher K Compacta 1.994-378.0 1200W Color Amarillo - $ 1,359",https://http2.mlstatic.com/D_NQ_NP_778384-MLA99501169254_112025-O.jpg,C:\Users\Admin\Desktop\ia\odoo\outputs\marketplace_catalogo\imagenes\hidrolavadora-k-rcher.jpg,ok
Impresora HP Smart Tank 525,Mercado Libre,https://www.mercadolibre.com.mx/impresora-multifuncional-hp-smart-tank-525-1f3w3a-color-blanco/p/MLM24026507,"Impresora Multifuncional HP Smart Tank 525, Tinta Continua, Color, Copia, Escaner, Conectividad USB - $ 2,859",https://http2.mlstatic.com/D_NQ_NP_942075-MLA113148121606_072026-O.jpg,C:\Users\Admin\Desktop\ia\odoo\outputs\marketplace_catalogo\imagenes\impresora-hp-smart-tank-525.jpg,ok
Termómetro Brannan inmersión parcial,Mercado Libre,https://www.mercadolibre.com.mx/termometro-lo-tox-20-a-150c-inmersion-parcial-brannan/p/MLM35574503,Termómetro Lo-tox -20 A 150°c Inmersión Parcial Brannan,https://http2.mlstatic.com/D_NQ_NP_929809-MLU75538501670_042024-O.jpg,C:\Users\Admin\Desktop\ia\odoo\outputs\marketplace_catalogo\imagenes\term-metro-brannan-inmersi-n-parcial.jpg,ok
Mesa de trabajo de acero inoxidable,Mercado Libre,https://articulo.mercadolibre.com.mx/MLM-709315880-mesa-en-isla-100-acero-inoxidable-150x60x90-marca-ferrinox-_JM,"Mesa En Isla 100% Acero Inoxidable 150x60x90 Marca Ferrinox - $ 3,840.56",https://http2.mlstatic.com/D_NQ_NP_816464-MLM48948143987_012022-O-mesa-en-isla-100-acero-inoxidable-150x60x90-marca-ferrinox.jpg,C:\Users\Admin\Desktop\ia\odoo\outputs\marketplace_catalogo\imagenes\mesa-de-trabajo-de-acero-inoxidable.jpg,ok
Laptop Chuwi GemiBook XPro,Mercado Libre,https://www.mercadolibre.com.mx/laptop-chuwi-gemibook-xpro-gris-14-intel-n100-8gb-de-ram-256gb-ssd-intel-uhd-graphics-60-hz-1920x1080px-windows-11-home/p/MLM26203792,Notebook Chuwi Gemibook Xpro Gris 14&amp;amp;quot&amp;amp;quot Intel N100 8gb De Ram Lpddr5 256gb Ssd 1920x1080px Windows 11 Home,https://http2.mlstatic.com/D_NQ_NP_984434-MLU77075165998_062024-O.jpg,C:\Users\Admin\Desktop\ia\odoo\outputs\marketplace_catalogo\imagenes\laptop-chuwi-gemibook-xpro.jpg,ok
Botella boca ancha polietileno ámbar 1000 ml,Mercado Libre,https://articulo.mercadolibre.com.mx/MLM-1859914833-botella-boca-ancha-de-polietileno-ambar-de-1000-ml-2-piezas-_JM,Botella Boca Ancha De Polietileno Ambar De 1000 Ml 2 Piezas - $ 520,https://http2.mlstatic.com/D_NQ_NP_994147-MLM54363471490_032023-O-botella-boca-ancha-de-polietileno-ambar-de-1000-ml-2-piezas.jpg,C:\Users\Admin\Desktop\ia\odoo\outputs\marketplace_catalogo\imagenes\botella-boca-ancha-polietileno-mbar-1000-ml.jpg,ok
Botella boca ancha polietileno ámbar 250 ml,Mercado Libre,https://articulo.mercadolibre.com.mx/MLM-1905757434-botella-boca-ancha-de-polietileno-ambar-de-250-ml-_JM,Botella Boca Ancha De Polietileno Ambar De 250 Ml - $ 135,https://http2.mlstatic.com/D_NQ_NP_994147-MLM54363471490_032023-O-botella-boca-ancha-de-polietileno-ambar-de-250-ml.jpg,C:\Users\Admin\Desktop\ia\odoo\outputs\marketplace_catalogo\imagenes\botella-boca-ancha-polietileno-mbar-250-ml.jpg,ok
Escritorio AFA Muebles Miletto,Mercado Libre,https://www.mercadolibre.com.mx/escritorio-afa-muebles-miletto-2e-melamina-de-120cm-x-75cm-x-120cm-blanco/p/MLM18717142,Escritorio AFA Muebles Miletto 2E melamina de 120cm x 75cm x 120cm blanco Mate,https://http2.mlstatic.com/D_NQ_NP_837040-MLA48851676034_012022-O.jpg,C:\Users\Admin\Desktop\ia\odoo\outputs\marketplace_catalogo\imagenes\escritorio-afa-muebles-miletto.jpg,ok
Silla de escritorio blanca,Mercado Libre,https://www.mercadolibre.com.mx/silla-de-escritorio-moblux-oficina-blanca-con-tapizado-de-poliuretano/p/MLM25927406,Silla de escritorio Moblux Oficina blanca con tapizado de poliuretano,https://http2.mlstatic.com/D_NQ_NP_607400-MLA74805961473_022024-O.jpg,C:\Users\Admin\Desktop\ia\odoo\outputs\marketplace_catalogo\imagenes\silla-de-escritorio-blanca.jpg,ok
Antena adaptador USB WiFi 300 Mbps,Mercado Libre,https://www.mercadolibre.com.mx/antena-adaptador-usb-wifi-300-mdps-80211-bgn/p/MLM29212963,Antena Adaptador Usb Wifi 300 Mdps 802.11 B/g/n,https://http2.mlstatic.com/D_NQ_NP_771933-MLU73480818702_122023-O.jpg,C:\Users\Admin\Desktop\ia\odoo\outputs\marketplace_catalogo\imagenes\antena-adaptador-usb-wifi-300-mbps.jpg,ok
Termohigrómetro digital HTC-1,Mercado Libre,https://www.mercadolibre.com.mx/termohigrometro-digital-htc-1-higrometro-termometro-reloj/p/MLM25847568,"Termohigrómetro Digital Htc-1 Higrometro, Termometro, Reloj",https://http2.mlstatic.com/D_NQ_NP_708555-MLU70919200549_082023-O.jpg,C:\Users\Admin\Desktop\ia\odoo\outputs\marketplace_catalogo\imagenes\termohigr-metro-digital-htc-1.jpg,ok
Higrómetro digital termómetro despertador,Mercado Libre,https://articulo.mercadolibre.com.mx/MLM-838450159-higrometro-digital-termometro-higrometro-despertador-_JM,Higrómetro Digital Termómetro Higrómetro Despertador - $ 99.61,https://http2.mlstatic.com/D_NQ_NP_829954-MLM77556559284_072024-O-higrometro-digital-termometro-higrometro-despertador.jpg,C:\Users\Admin\Desktop\ia\odoo\outputs\marketplace_catalogo\imagenes\higr-metro-digital-term-metro-despertador.jpg,ok
Centrífuga para laboratorio,Amazon,https://www.amazon.com.mx/Centrifuga-para-laboratorio-timer-tubos/dp/B0812BDQ7B,"Onof CFG-03 Centrífuga para Laboratorio con Temporizador | Capacidad 12 Tubos de 20 ml | Velocidad Máx. 4000 RPM | Equipo de Uso Clínico y Educativo : Amazon.com.mx: Industria, Empresas y Ciencia",https://m.media-amazon.com/images/I/61eU7aFqBwL._SL1500_.jpg,C:\Users\Admin\Desktop\ia\odoo\outputs\marketplace_catalogo\imagenes\centr-fuga-para-laboratorio.jpg,ok
Carro de servicio con ruedas,Mercado Libre,https://articulo.mercadolibre.com.mx/MLM-958499623-original-tubstr-xl-carro-de-exterior-con-ruedas-resistentes-_JM,"Original Tubstr Xl Carro De Exterior Con Ruedas Resistentes - $ 14,417.78",https://http2.mlstatic.com/D_NQ_NP_897904-MLM92914781710_092025-O-original-tubstr-xl-carro-de-exterior-con-ruedas-resistentes.jpg,C:\Users\Admin\Desktop\ia\odoo\outputs\marketplace_catalogo\imagenes\carro-de-servicio-con-ruedas.jpg,ok
